<?xml version='1.0' encoding='UTF-8' ?><!--
Created by Alight Motion (http://alightmotion.com)
Exported: 2022-11-09 07:09 PM
4.2.0 (0592)
bc88f32 (20 Jun 2022 15.36.58)
-->
<scene title="CC1 " width="1080" height="1920" exportWidth="1080" exportHeight="1920" precompose="dynamicResolution" bgcolor="#ff000000" totalTime="18299" fps="60" modifiedTime="1667995746069" amver="592" ffver="105" am="com.alightcreative.motion/4.2.0" amplatform="android" retime="freeze" retimeAdaptFPS="false">
  <shape id="6211190" label="CC1" startTime="0" endTime="18299" speed="0.230587" fillType="color" s=".rect">
    <transform>
      <location value="540.000061,960.000000,0.000000" />
      <scale value="5.400001,9.600000" />
      <opacity value="0.353448" />
    </transform>
    <fillColor value="#ff7d4cf4" />
    <effect id="com.alightcreative.effects.lift" locallyApplied="false">
      <property name="fill" type="float" value="0.000000" />
    </effect>
    <effect id="com.alightcreative.effects.sharpen" hidden="true" locallyApplied="false">
      <property name="strength" type="float" value="0.800000" />
      <property name="radius" type="float" value="1.000000" />
    </effect>
    <effect id="com.alightcreative.replacecolor" locallyApplied="false">
      <property name="feather" type="float" value="0.400000" />
      <property name="newcolor" type="color" value="#ff444444" />
      <property name="oldcolor" type="color" value="#ff445826" />
      <property name="threshold" type="float" value="0.100000" />
      <property name="alpha" type="float" value="1.000000" />
      <property name="lockLuminance" type="bool" value="false" />
    </effect>
    <effect id="com.alightcreative.effects.exposure" locallyApplied="false">
      <property name="gamma" type="float" value="0.600000" />
      <property name="exposure" type="float" value="0.000000" />
      <property name="offset" type="float" value="0.000000" />
    </effect>
    <effect id="com.alightcreative.effects.vignette" locallyApplied="false">
      <property name="feather" type="float" value="1.000000" />
      <property name="roundness" type="float" value="0.480000" />
      <property name="scale" type="float" value="1.258000" />
      <property name="strength" type="float" value="0.800000" />
      <property name="tint" type="float" value="0.200000" />
      <property name="overlaycolor" type="color" value="#ff000000" />
      <property name="punchout" type="bool" value="false" />
    </effect>
    <effect id="com.alightcreative.effects.lensblur2" hidden="true" locallyApplied="false">
      <property name="strength" type="float" value="0.045000" />
      <property name="radius" type="float" value="0.150000" />
    </effect>
    <property name="size" type="vec2" value="100.000000,100.000000" />
  </shape>
  <shape id="6211191" label="CC1" startTime="0" endTime="18299" fillType="color" s=".rect">
    <transform>
      <location value="540.000061,960.000000,0.000000" />
      <scale value="0.518124,1.550611" />
    </transform>
    <fillColor value="#ff94887e" />
    <effect id="com.alightcreative.effects.lift" locallyApplied="true">
      <property name="fill" type="float" value="0.000000" />
    </effect>
    <effect id="com.alightcreative.effects.exposure" locallyApplied="true">
      <property name="exposure" type="float" value="0.070000" />
      <property name="gamma" type="float" value="0.900000" />
      <property name="offset" type="float" value="0.000000" />
    </effect>
    <effect id="com.alightcreative.replacecolor" locallyApplied="true">
      <property name="oldcolor" type="color" value="#ff1ed91e" />
      <property name="newcolor" type="color" value="#ff98c99c" />
      <property name="threshold" type="float" value="1.370000" />
      <property name="feather" type="float" value="0.400000" />
      <property name="alpha" type="float" value="1.000000" />
      <property name="lockLuminance" type="bool" value="false" />
    </effect>
    <effect id="com.alightcreative.spotcolor2" locallyApplied="true">
      <property name="color" type="color" value="#fff4b446" />
      <property name="threshold" type="float" value="2.000000" />
      <property name="feather" type="float" value="0.800000" />
      <property name="saturation" type="float" value="0.250000" />
      <property name="choke" type="float" value="2.870000" />
    </effect>
    <effect id="com.alightcreative.effects.vignette" hidden="true" locallyApplied="true">
      <property name="scale" type="float" value="0.759000" />
      <property name="roundness" type="float" value="1.540000" />
      <property name="feather" type="float" value="0.710000" />
      <property name="strength" type="float" value="0.470000" />
      <property name="tint" type="float" value="0.200000" />
      <property name="overlaycolor" type="color" value="#ff000000" />
      <property name="punchout" type="bool" value="false" />
    </effect>
    <effect id="com.alightcreative.effects.sharpen" hidden="true" locallyApplied="true">
      <property name="strength" type="float" value="0.500000" />
      <property name="radius" type="float" value="1.500000" />
    </effect>
    <effect id="com.alightcreative.effects.zoomblur3" hidden="true" locallyApplied="true">
      <property name="strength" type="float" value="0.020000" />
      <property name="adaptive" type="bool" value="true" />
    </effect>
    <effect id="com.alightcreative.effects.satvib" locallyApplied="true">
      <property name="saturation" type="float" value="0.150000" />
      <property name="vib" type="float" value="1.000000" />
    </effect>
    <property name="size" type="vec2" value="1042.222290,619.111023" />
  </shape>
</scene>